{"cameraMode":{"drawMode":0,"name":"Shaded","section":"Shading Mode"},"sceneLighting":true,"audioPlay":false,"sceneViewState":{"m_AlwaysRefresh":false,"showFog":true,"showSkybox":true,"showFlares":true,"showImageEffects":true,"showParticleSystems":true,"showVisualEffectGraphs":true,"m_FxEnabled":true},"in2DMode":false,"pivot":{"x":150.72750854492188,"y":-30.937923431396486,"z":92.71537017822266},"rotation":{"x":-0.24217504262924195,"y":0.2737770080566406,"z":-0.07084234058856964,"w":-0.9284447431564331},"size":23.342416763305665,"orthographic":true}