{"cameraMode":{"drawMode":0,"name":"Shaded","section":"Shading Mode"},"sceneLighting":true,"audioPlay":false,"sceneViewState":{"m_AlwaysRefresh":false,"showFog":true,"showSkybox":true,"showFlares":true,"showImageEffects":true,"showParticleSystems":true,"showVisualEffectGraphs":true,"m_FxEnabled":true},"in2DMode":false,"pivot":{"x":159.74520874023438,"y":-28.211877822875978,"z":61.377723693847659},"rotation":{"x":0.014871845953166485,"y":-0.7780634760856628,"z":-0.018438730388879777,"w":-0.6277698874473572},"size":1.206645131111145,"orthographic":false}