{"cameraMode":{"drawMode":0,"name":"Shaded","section":"Shading Mode"},"sceneLighting":true,"audioPlay":false,"sceneViewState":{"m_AlwaysRefresh":false,"showFog":true,"showSkybox":true,"showFlares":true,"showImageEffects":true,"showParticleSystems":true,"showVisualEffectGraphs":true,"m_FxEnabled":true},"in2DMode":false,"pivot":{"x":1094.6046142578125,"y":198.25625610351563,"z":3.662548065185547},"rotation":{"x":0.11784058809280396,"y":-0.4242965281009674,"z":0.05527330935001373,"w":0.8963928818702698},"size":262.0882263183594,"orthographic":true}