{"cameraMode":{"drawMode":0,"name":"Shaded","section":"Shading Mode"},"sceneLighting":true,"audioPlay":false,"sceneViewState":{"m_AlwaysRefresh":false,"showFog":true,"showSkybox":true,"showFlares":true,"showImageEffects":true,"showParticleSystems":true,"showVisualEffectGraphs":true,"m_FxEnabled":true},"in2DMode":false,"pivot":{"x":-41.22153854370117,"y":10.775237083435059,"z":-133.3074951171875},"rotation":{"x":0.04497706890106201,"y":-0.48074105381965639,"z":0.024023836478590967,"w":0.8756650686264038},"size":73.39215087890625,"orthographic":true}