{"cameraMode":{"drawMode":0,"name":"Shaded","section":"Shading Mode"},"sceneLighting":true,"audioPlay":false,"sceneViewState":{"m_AlwaysRefresh":false,"showFog":true,"showSkybox":true,"showFlares":true,"showImageEffects":true,"showParticleSystems":true,"showVisualEffectGraphs":true,"m_FxEnabled":true},"in2DMode":false,"pivot":{"x":25.098045349121095,"y":-12.760839462280274,"z":-12.797870635986329},"rotation":{"x":-0.05411909520626068,"y":0.9099711179733276,"z":-0.12582100927829743,"w":-0.3914010226726532},"size":40.03542709350586,"orthographic":true}