{"cameraMode":{"drawMode":0,"name":"Shaded","section":"Shading Mode"},"sceneLighting":true,"audioPlay":false,"sceneViewState":{"m_AlwaysRefresh":false,"showFog":true,"showSkybox":true,"showFlares":true,"showImageEffects":true,"showParticleSystems":true,"showVisualEffectGraphs":true,"m_FxEnabled":true},"in2DMode":false,"pivot":{"x":616.8214721679688,"y":208.15794372558595,"z":317.2022399902344},"rotation":{"x":-0.17036780714988709,"y":0.17827849090099336,"z":-0.03095630556344986,"w":-0.9688422083854675},"size":18.46567153930664,"orthographic":true}