{"cameraMode":{"drawMode":0,"name":"Shaded","section":"Shading Mode"},"sceneLighting":true,"audioPlay":false,"sceneViewState":{"m_AlwaysRefresh":false,"showFog":true,"showSkybox":true,"showFlares":true,"showImageEffects":true,"showParticleSystems":true,"showVisualEffectGraphs":true,"m_FxEnabled":true},"in2DMode":false,"pivot":{"x":615.5785522460938,"y":202.8759002685547,"z":314.5945129394531},"rotation":{"x":0.04346628487110138,"y":0.03036487102508545,"z":0.0017168984049931169,"w":-0.9988030791282654},"size":6.181570529937744,"orthographic":true}