{"cameraMode":{"drawMode":0,"name":"Shaded","section":"Shading Mode"},"sceneLighting":false,"audioPlay":false,"sceneViewState":{"m_AlwaysRefresh":false,"showFog":true,"showSkybox":false,"showFlares":true,"showImageEffects":true,"showParticleSystems":true,"showVisualEffectGraphs":true,"m_FxEnabled":true},"in2DMode":false,"pivot":{"x":-22.964139938354493,"y":3.8141818046569826,"z":-8.438443183898926},"rotation":{"x":0.22397306561470033,"y":0.010226709768176079,"z":-0.0023832961451262237,"w":0.9745604991912842},"size":14.150973320007325,"orthographic":true}