{"count":1,"self":636.8874496,"total":639.1666003,"children":{"InitializeActuators":{"count":2,"self":0.0039973,"total":0.0039973,"children":null},"InitializeSensors":{"count":2,"self":0.0029977999999999997,"total":0.0029977999999999997,"children":null},"AgentSendState":{"count":31691,"self":1.3863934999999998,"total":1.5534257,"children":{"CollectObservations":{"count":6339,"self":0.0270034,"total":0.0270034,"children":null},"WriteActionMask":{"count":6339,"self":0.013988299999999999,"total":0.013988299999999999,"children":null},"RequestDecision":{"count":6339,"self":0.0690496,"total":0.1260405,"children":{"RayPerceptionSensor.Perceive":{"count":31695,"self":0.0569909,"total":0.0569909,"children":null}}}}},"DecideAction":{"count":31691,"self":0.22711689999999998,"total":0.22711689999999998,"children":null},"AgentAct":{"count":31691,"self":0.49060739999999997,"total":0.49060739999999997,"children":null}},"gauges":{},"metadata":{"timer_format_version":"0.1.0","start_time_seconds":"1694522128","unity_version":"2021.3.24f1","command_line_arguments":"C:\\Program Files\\Unity\\Hub\\Editor\\2021.3.24f1\\Editor\\Unity.exe -projectpath C:\\Users\\sofie\\osb3d\\OSB3D -useHub -hubIPC -cloudEnvironment production -licensingIpc LicenseClient-Dcp7SxvO2vKRLvIquW1Q3 -hubSessionId b9fc6074-8ba5-4586-9ec0-e1cb3182abee","communication_protocol_version":"1.5.0","com.unity.ml-agents_version":"2.0.1","scene_name":"AgentScene","end_time_seconds":"1694522767"}}