{"count":1,"self":94.281683199999989,"total":94.9560573,"children":{"InitializeActuators":{"count":2,"self":0.0030001999999999997,"total":0.0030001999999999997,"children":null},"InitializeSensors":{"count":2,"self":0.0040014,"total":0.0040014,"children":null},"AgentSendState":{"count":4460,"self":0.5343428,"total":0.56724639999999993,"children":{"CollectObservations":{"count":892,"self":0.0036287999999999997,"total":0.0036287999999999997,"children":null},"WriteActionMask":{"count":892,"self":0.0010195999999999998,"total":0.0010195999999999998,"children":null},"RequestDecision":{"count":892,"self":0.0141444,"total":0.028255199999999998,"children":{"RayPerceptionSensor.Perceive":{"count":4460,"self":0.0141108,"total":0.0141108,"children":null}}}}},"DecideAction":{"count":4460,"self":0.0483055,"total":0.0483055,"children":null},"AgentAct":{"count":4460,"self":0.0508577,"total":0.0508577,"children":null}},"gauges":{},"metadata":{"timer_format_version":"0.1.0","start_time_seconds":"1696336261","unity_version":"2021.3.24f1","command_line_arguments":"C:\\Program Files\\Unity\\Hub\\Editor\\2021.3.24f1\\Editor\\Unity.exe","communication_protocol_version":"1.5.0","com.unity.ml-agents_version":"2.0.1","scene_name":"CityScene","end_time_seconds":"1696336356"}}