{"cameraMode":{"drawMode":0,"name":"Shaded","section":"Shading Mode"},"sceneLighting":false,"audioPlay":false,"sceneViewState":{"m_AlwaysRefresh":false,"showFog":true,"showSkybox":false,"showFlares":true,"showImageEffects":true,"showParticleSystems":true,"showVisualEffectGraphs":true,"m_FxEnabled":true},"in2DMode":false,"pivot":{"x":-19.679718017578126,"y":-0.7894439697265625,"z":9.122997283935547},"rotation":{"x":-0.014632980339229107,"y":-0.7979701161384583,"z":0.6022254228591919,"w":-0.019379887729883195},"size":65.93208312988281,"orthographic":false}