{"cameraMode":{"drawMode":0,"name":"Shaded","section":"Shading Mode"},"sceneLighting":false,"audioPlay":false,"sceneViewState":{"m_AlwaysRefresh":false,"showFog":true,"showSkybox":false,"showFlares":true,"showImageEffects":true,"showParticleSystems":true,"showVisualEffectGraphs":true,"m_FxEnabled":true},"in2DMode":false,"pivot":{"x":-2.1348724365234377,"y":8.691390037536621,"z":-1.409149169921875},"rotation":{"x":0.034459907561540607,"y":-0.9469444751739502,"z":0.10841251909732819,"w":0.3007485568523407},"size":22.471168518066408,"orthographic":false}